Text,Emotion
@KySportsRadio I hate when ppl delete their tweets #scared ğŸ¤·ğŸ»â€â™‚ï¸,Fear
Soooo a little update for y'all: Hogan just decided to come back and break the door when getting in and brought in that retarded kid  Someone help me with the name is it Noel? Noah? I think its Noah  Oh and Hogan's way of fixing the door is jamming it #scared #hoganyouaresostupid,Fear
I just got an update from Bri  there are two people in total with guns somewhere hidden around the school  I am so #scared  Please send help!!!!âœŒâœŒ P S I am stuck in the boys bathroom with Xander  Hogan  and that nerd girl Alice  Can this get any worse?,Fear
OMG we are in an actual lockdown!ğŸ˜•ğŸ˜•ğŸ˜ŸğŸ˜ŸğŸ˜³ğŸ˜³ #scared,Fear
@CoreyLVaughn @MarkDice @KyleLarsonRacin I challenge you to a debate   Unless you're afraid of defeat     ğŸ˜‰ #scared https://t co/srp7PC25dZ,Fear
More than half the people that troll/harass others usually got a fictional character as their profile pic to hide behind  #Scared https://t co/VrJoxO8EYk,Fear
i just watched a vid of the guy you see in ur dreams IN LIKE VIDEO #cry #scared https://t co/GBNUBlfSBn,Fear
@tamsiemclean @YewTreeSandwell Let me know if you want to do a lesson observation  #scared https://t co/CpoRQgSaTE,Fear
Overwhelmed and #scared? Your Resiliency GPS canâ€™t cure the problems of the world but it can help you build strength &amp  resilience to get you through  @macdarling https://t co/Eghsjt3FqV https://t co/hSvPxkxEXs,Fear
So tonight we will clap louder and probably cry for my brave and compassionate daughter who is working with the COVID-19 patients in her nursing home  #proud but also #scared â¤ï¸â¤ï¸ğŸ™ğŸ¼ğŸ™ğŸ¼ğŸ‘ğŸ½ğŸ‘ğŸ½ #ClapForOurCarers,Fear
@FairyQ15 @dyro874 @nypost I will be sent to ROOM 101 for getting my mail in summer shorts even though it is 40 degrees out    They will find me and re-educate me to be a compliant sheep!  I just know they will use the thumb screws again    Dang it  1984 sucks!  Hitler  Stalin  Mao  all suck!  #scared,Fear
Should I be concerned that the longer the quarantine goes on the more my wife plays â€œMurder Was The Case â€ by Snoop Dogg on Alexa? #SnoopDogg #Quarantine #Scared,Fear
When you work for a school and in two months  youâ€™ll be out for the summer but donâ€™t have a summer job because no one is hiring right now so you donâ€™t know how youâ€™re going to pay your bills and that just causes more anxiety #scared #anxiety #stressed,Fear
I unravel the strange terrors + secrets in this Dr  Pepper style horror game :) I even have some theories at the end! @MicroHorArcade #rybro #scared #drpepper https://t co/aowhHosIX3,Fear
SHARONTIPITY:  Truer today than ever     To our health care professionals  great and small    and to their families    Thank you ğŸ™ğŸ¼  #Scared #LookfortheHelpers #Gratitude â¤ï¸ https://t co/RrrirQrMGp,Fear
Let da #greatness #rain #lyrics dat make we not #scared of man made #chemical (#Gave ğŸ™ğŸ¾ Thanks for lyfe by $tarrizÂ£) #Reggae #ruba #duba  mo #blessingğŸ“¡ğŸŒğŸ”ŠğŸ”ŠğŸšğŸ§ğŸ’«ğŸ’¯â˜ğŸ½ https://t co/wCuaUVpwOq,Fear
Did you know cockroaches can fly    Because now I do  #cambodia #scared #bugs,Fear
Oh God  its happening #scared https://t co/PrhuuGAFZJ,Fear
One of the coronavirus side effects must be agreeing with @piersmorgan on @GMB He can't do no wrong right now #scared #day21oflockdown #COVID19,Fear
Hands Up  We startled this tree in Sheringham woods  #Sheringham #scared https://t co/zyDYYdjUex,Fear
I'm a #SmallBusiness &amp  I applied to the @SBAgov for a loan  &amp  now there is no more $$  Being a #photographer  I help ALL businesses create content for their online biz &amp  whatever is needed  Now I can't apply 4 PPP  #scared ğŸ˜³ #notmyfault #pleasehelp https://t co/9j1Qu1tZaC,Fear
I can tell people are #scared when I put out a #free #pie in the #breakroom and it takes 4 hours to disappear  How can you tell?  #pandemic,Fear
I am #scared of :   #Finish it    ,Fear
How to kill time during lockdown  Scare your children #COVID19fun #stepdad #scared #thursdaymorning https://t co/C5p132I7dl,Fear
Yup  totally afraid of heights   Looking down 43 floors   ğŸ˜³  #dontlookdown #heights #construction #condo #realestate #forsale #toronto #gta #the6ix #scared https://t co/fOg0jaPN0A,Fear
â€œWe cannot determine your eligibity to continue being alive at this time â€ @IRSnews #stimuluspayment #SurvivalTips #scared,Fear
wanna do open q but im #scared to do it alone,Fear
https://t co/p6h4RcLxOX Checking out Dead By DaylightğŸ˜¨ @SupportStreamz  @SmallStreamersC  @ShoutGamers  @not__queen @DeadByBHVR @TwitchHost  #scared #deadbydaylight #Xbox #pcgaming #razerstreamer #twitchaffiliate #horrorgame https://t co/CPHUZUKNMw,Fear
Overwhelmed and #scared? Your Resiliency GPS canâ€™t cure the problems of the world but it can help you build strength &amp  resilience to get you through  @macdarling https://t co/SX8eiHYILN https://t co/WbAkB9r53M,Fear
I had missed this on the news   Trump really can be our  King!   WTF  #Pandemic  #AbuseofPower  #KingDonald  #HorrorStory #Scared https://t co/FJL95Brtxj,Fear
 @harari_yuval @OvaisSultanKhan you see the video of Moradabad  UP in india??  Muslims flying #Bricks  #Stones to #Doctors   hope in this video  #Muslims are not #Scared   we #Hindu Scared  #TablighiJamaat https://t co/ns5V202OuSğŸ‘‡ğŸ» https://t co/zbmFvFU6yo https://t co/Vx6pQE8jJT,Fear
Psalm 27:1 #fearnot (Thank you @ddblankenship) #fear #joy #peace #scared #depression #hope #strength #anxiety #worry #concern https://t co/2g4HrMKas4,Fear
IM #SCARRED AND #SCARED,Fear
I really wish people stop comparing #COVID to the flu  No flu has ever changed government agendas  separated families for months  destroyed an economy  ended sportsâ€™ seasons  put the world on notice  and the US on pause  #lockdown #Corona #scared the new normal ,Fear
Police Using Fear To Keep Us Inside  https://t co/FFsnE54QCW  #Police #Fear #FearMongering #scared #wrong #StayHomeSaveLives #StayHomeSaveLifes #StayAtHome #StayHomeStaySafe #ActivityBlog #blog #blogging #blogger #RealHeroes @OurBloggingLife https://t co/y0JyZ6mGKm,Fear
I get #scared when i even think of attending #online classes  that too in the supervision of #parents   Means #attending two classes at one go ğŸ§ğŸ¤ª  #RIP bunking classes  late #assignment submissions  class giggling  all of this will be missed ğŸ˜‚ğŸ¤£ #Covid_19 #StayHomeÂ  #StaySafe,Fear
lol ofc the wifi stops working while iâ€™m watching a serial killer doc â€” probably a sign #scared,Fear
@MartinSLewis Is it safe to register for a paypal account right now ? Thinking about bringing further income in to my household   Yesterday I got an email yesterday from Tabago regarding it   #scared,Fear
@JeremyCliffe @AdamJKucharski Agreed  For countries that aren't testing enough (like the UK) this is a massive step into the unknown  #scared,Fear
Im about 2 hav interview for college  #artcourse #scared #anxious #stalking #wobbles  I can't speak face 2 face  we're having an email interview  Thank U  4 thinking outside the box  letting me do this diffently  ğŸ¤ğŸ™ğŸ¤ https://t co/8vZayCm0iX,Fear
#fear #scared #everything by #daggson   #tvwriting #writing #screenwriting #amwriting #scriptnotes #gratitudefornyc @ New York  New York https://t co/GlC0JjKieI,Fear
#Warning UK coronavirus outbreak leads to sharp #Rise in #Deaths at #Home   People are either Too #Scared to go to Hospital or Reluctant to Add to Strain on the NHS  https://t co/GnSOXeGvkB,Fear
#calm #troubled #scared #brave  #patient #impatient  #trusting #mistrustful  #anguished #grateful  #thought filled #empty  #restless #tired  #confused #determined  #communicative #withdrawn #vague but #inspired #walkâ€¦ https://t co/4cN4KFJRbn,Fear
Well paint me green &amp  call me a pickle cause I want this man dilling my guts   I literally have the biggest crush &amp  now I donâ€™t want to talk to him anymore #scared,Fear
just saw peppa pig eating bacon #scared,Fear
@splurgevore the fact that you know that it was made in under 3 hours  scares me :scared:  #scared #coolHomie,Fear
Iâ€™m a creative &amp  felt a craving to express   Self-portraits from self-quarantine - the stages of expression through pandemic emotions #coviÌ‡d19  The journey of emotions in #isolation ğŸ“¸ #humanness #real #expressions #resilient #feel #frailty #pandemic #scared #lonely #resilient https://t co/OAbGzkRqwW,Fear
Twitch Highlight from last night  #subnautica #scared https://t co/SoHxzULgxV,Fear
About to finish season 3 of GOT  havenâ€™t watched the red wedding yet lmao #scared,Fear
Sitting here in #Quarantine and just realized Iâ€™m done with school for  forever! Itâ€™s a crazy feeling and I donâ€™t know what do #Classof2020 #Coronatookmygraduation #Scared https://t co/LlHrsKHecj,Fear
My brother just got furloughes and in praying my husband doesnt    #scared #COVID19 #Quarantine https://t co/UMfj2LUBKn,Fear
another day of not doing my disso omg #scared #worried,Fear
@Karoli Ohio  Showed up as auto deposit today  #winning because I didnâ€™t have to see his sharpie scribble on a physical check  #losing because I have to pay it back in 2021  #scared,Fear
The final Layer will be uncovered  https://t co/cb5UUubIz5 via @YouTube #LayersofFear #LesBros #Scared,Fear
 @ninja one on one me #scared,Fear
Overwhelmed and #scared? Your Resiliency GPS canâ€™t cure the problems of the world but it can help you build strength &amp  resilience to get you through  @macdarling https://t co/PYwwm2GOhs https://t co/yTNUDUdi2P,Fear
#Trump has taken #Tehran head on  He has probably #scared the mullahs and their #guardsmen more than any president since Reagan in 1980    #Khamenei will certainly not go gentle into the night   https://t co/HWw5wF9xuq,Fear
Darlene snell and Wyatt getting it on is something I canâ€™t un see ğŸ™ˆ what the fu$k Ozark #scared #imblind #QuarantineLife,Fear
@ChestersHideway @BrianMorris7674 @joelockhart @RealCandaceO @WholeFoods Trump is real   yr still fake and hiding behind fake account  name &amp  picture   Keep hiding buddy   #scared,Fear
my 9yr old son is now very #scared about #COVID19 due to the #ASREHOLES on #socialmedia #twittet #whatapp #TikTok spreading #fear and #conspiracy #id202 #5G #wankers!,Fear
Calls have been made by numerous neighbors reporting outside and inside partys daily  Nothing!!!#disappointed #Scared #NoHelpForVulnerableFromHaltonPD #StopRiskingLives #InconsiderateNeighbors #BehaviorUnecessaryAndFoolish #PeopleAreDying #HotlineHell #PoliceSeemedDisinterested https://t co/HQHPSRL4bK,Fear
@bluesinmybag what does this mean #scared,Fear
I'm turing 18 in 18 days I'm not ready #18 #scared #nope #notready https://t co/csdKtR2FEH,Fear
Overwhelmed and #scared? Your Resiliency GPS canâ€™t cure the problems of the world but it can help you build strength &amp  resilience to get you through  @macdarling https://t co/XPiqWEm7Mo https://t co/SIrXNoXN3C,Fear
@mattc_fcs This thought makes me want to vomit     #notbecauseidisagree #scared,Fear
You know what Iâ€™m really #scared of?    #straight guys w overly shaped #eyebrows   #onlinedating,Fear
Walking DeadğŸ”¥ğŸ”¥  â€¢ â€¢ â€¢ â€¢ #freshair #goforawalk #longwalk #longwalks #morningwalk #parkwalk #stroll #scared #screaming #cuarentena #cuarentenatotal #curentena #modocuarentena #nosalgasdecasa #quÃ©dateencasa #sinsalirdecasa #todosencasa #yomequedoencasa #area51 #siegearea51 https://t co/o0oaVnsjZ3,Fear
Feel badly  so add: I implored my cousin Sandra to help  She's on Block Island &amp  feels helpless &amp  removed  so she sent $50 to help us fund it  My sis is laid off and I'm unemployed  Especially when we're #down #depressed #scared #isolated we go #up if we #unify w love  :),Fear
@m6yie ur literally psychotic leave me alone #stalker #scared  #helpme,Fear
This is the scariest thing Iâ€™ve seen in animal crossing new horizons    #dodocode #scared #meme #acnh https://t co/OlvNad66Wj,Fear
#LindseyGrahm Back to tell us How #Trumps butt taste and attack #China Keep on Lindsey We owe them trillions of dollars Lindsey is a proud member of the #MoneybeforeLivesClub Wich his boss is the head of #Scared that people see how #Republicans cried #hoax While people #died,Fear
Donâ€™t check ur screen time #traumatized #scared #wild #thrill,Fear
Continuing Resident Evil 4 Blind First Playthrough - Join in for the fun and scares and death - just defeated the right hand - https://t co/duWM3AdWuI  #ResidentEvil #ResidentEvil4 #horror #blindplaythrough #letplay #twitch #twitchaffiliate #scared #fun #goals #subgoals,Fear
https://t co/Ik24QNVE7H  Great read #blogpost #COVID19 #scared #worried #coronavirus #mentalhealth https://t co/bXs0jXfLPn,Fear
Would you go in? Did anyone else have a neighbours garden they were always kicking their ball in?  #art #sketch #doodle #ball #football #redball #spooky #house #hauntedhouse #scary #children #scared #illustration #illustrator #artistoninstagram https://t co/bMx8UUVLOl,Fear
@Shirley82556494 @rexthetvterrier I would have made a speedy retreat if I had been on the receiving end! Not the bravest ğŸ˜¦ #scared,Fear
So i took this photo when out with my sister not to long ago    I'm Scared   #scared #spooky #hellno #whattfisthat #demon https://t co/cxvv7ZZN73,Fear
Today  I am feeling #scared !!!!!!!!!! #coronavirus,Fear
Feeding this to my critical dad #scared https://t co/0vmbGobE6K,Fear
Another OC who may look scary but is actually scared himself   #ocricky #clownface #scared #artontwitter https://t co/JpZPUocdAA,Fear
My favourite tweet of 2019 below  @realdonaldtrump @cnn @ABC @maddow @MSNBC  Trump wants to reopen America during a pandemic because he knows itâ€™s only only way the  @HouseDemocrats  @JoeBiden will Win come November 2020  But at the expense of Americans lives #pandemic #scared https://t co/vvUXSvn6sg,Fear
@LittleMonsterRN @UnorthodoxPop @satisfyer4you @boomboomboy19 @BeyTheStandard @Yoshifierce @ally_gagaqueen @666heels @HistuToshiro @popculturequee1 @ladygagalusion1 @beylatrixxx @b7isonherlaptop @gagaspvssy @BlueBillyB @darkyonce92_ @PopCrave @ladygaga Bradley and R Kelly doing charity with this tra*** over since 2013  Tell your friend I will unblock him when he unblocks me ğŸ˜Œ #SCARED https://t co/stEe6rmUqy,Fear
hi world  I haven't used twitter in 4 years and im #scared idk how this thing works anymore,Fear
Hope nobody else received a call like this today #scared https://t co/8wg1KFq8iv,Fear
https://t co/Ik24QNVE7H   New blog about my personal worries to do with the coronavirus #mentalhealth #bekind #bekindalways #blogger #blog #COVID19 #scared #worried #coronavirus,Fear
Hope everyone enjoyed Easter?  #merchantserviceinnovations #video #easter #lol #funny #terrifying #terrified #kids #children #boy #girl #easterbunny #displeased #scared #scaredstraight #scaredycat #hahaha #running #runaway https://t co/mVaYENyYTo,Fear
New favorite thing is the #toughguy argument    Yes  I am 100% less of a man because I'd prefer to avoid contracting a potentially life threatening disease  #scared,Fear
Not feeling to good â˜¹ï¸ #scared,Fear
Before #vaccines there was #Food as your #medicine  Use #CommonSense &amp  boost your #ImmuneSystem  These #Devils  @WHO @BillGates wants you #scared &amp  #sick ,Fear
What do we usually buy when weâ€™re #scared? All necessary and unnecessary things  We usually buy more than we actually use  So I decided to focus on the objects we actually use everyday  to understand what is really essential  #isolation #Georgia  https://t co/LR1l8YQfVj,Fear
Are you afraid of heights?  For me  sometimes theyâ€™re an issue  and sometimes theyâ€™re not  Itâ€™s weird  I dunno   #berrybones #comic #webcomics #blackandwhite #illustration #monster #moss #scared #heights #fear #test #scout #teen https://t co/8afjhMLfrj,Fear
#How2020CouldGetWorse If Trump gets re elected  the America WE once knew &amp  loved will be a lost memory   ğŸ‡ºğŸ‡¸ will/is actively becoming a Trump dictatorship!!   If ğŸ‡ºğŸ‡¸ doesn't vote Trump out 11/20  The Trump family will never leave WH!  The psychic in me feels it in my soulğŸ˜±#Scared https://t co/YwM6PzaRp2,Fear
Two four hour days done (10-2) #phasedreturn #workingfromhome Two more days to do  then I'll be prepping myself for Monday morning #scared ğŸ˜• Sitting in the garden now enjoying the sunshine listening to my music &amp  doing breathing exercises ğŸ™‚,Fear
Fuck I'm #scared to check the #work I handed in all #wasted lastnight at #Midnight ! #workfromhomelife #QuarantineLife #workproblems,Fear
Thank you @realDonaldTrump  @WHO could have and should have stopped this pandemic but did NOT  Money is louder than words   My self owned business of 34 yrs is now dying  No money yet from my bank #scared,Fear
Check out aaronwain's video! #TikTok #scared #scaredChallenge  https://t co/gmnpYP3AT2,Fear
I contacted the House Ways and Means committee  receives no help  What do I do next?? What other resource is there to help me solve this problem #bostonproblems #unemployed #broke #scared @MassGovernor @MartyForBoston,Fear
@ibddoctor thank you for helping our #IBDfamily so much during this difficult time that has so many #questions  Iâ€™m taking all the #precautions I can and have talked with my loved ones about all the precautions they need to take also  Yet Iâ€™m still #nervous and even #scared ,Fear
My dogs and kittens are scared of each other  My other dog is hiding #Kittens #dogs #scared https://t co/1gw4YR8oJh,Fear
@queenunivurse a bum bitch who uses dudes to live her life fake ass bitch whose scared to sit down and have a grown women conversation! Hides  Behind all Social media to talk shit but wonâ€™t say it to my face this is what trash looks like  #bebetter #dobetter #pullup #scaredğŸ’‹,Fear
Can an #employee put pressure on their #employer to #furlough them because they are #scared to come into work?  https://t co/c2JAD2LElR  #humanresources #hr #hrsupport https://t co/XOeOgrYaMS,Fear
New Awsome GIF  Tags: #scared  yelling  yell  afraid  ahh  trolls  startled  trolls world tour  trolls movie  trollsmovie  trollsworldtour https://t co/AEBDDxYgWz,Fear
When you open the back door to go to the bin  scare yourself silly thinking there is a man stood there  and then realise it's the washing you pegged out not 5 minutes ago  ğŸ˜±ğŸ˜±ğŸ¤¦â€â™€ï¸ #washing #scared #HorrorMovies #michaelmyers https://t co/ESIGgLdAkN,Fear
Just called 911 checkkk Like for a story time #storytime #scared #shitmyself,Fear
@ProfessorB1228 @ChepstowCricket @ClevedonCricket I was never more relieved not to bat #scared,Fear
 Can a man still be brave if he's afraid?' 'That is the only time a man can be brave   â€• George R R  Martin  (a very young Ser Davos Seaworth a k a  Liam Cunningham) #courage #brave #bravery #fear #scared @liamcunningham1 #quotes #wisdom @GRRMspeaking https://t co/sDdaF9yvbS,Fear
â€œScared is what you're feeling  Brave is what you're doing â€ â€• Emma Donoghue  #courage #bravery #quotes #wisdom #scared #videogames https://t co/qC23yOiRxL,Fear
Only true memes lover get that  #memesdaily #MEMES #memer #Modiji #scared #Lockdown2 #Nagpur #lockdown #FunniestTweets #StayHome #StaySafe https://t co/QHSc0e1rkb,Fear
#Ladies send me more #Bonnet pics for my story! Donâ€™t be #Scared lol half us in them anyway   ğŸ¤·ğŸ»â€â™€ï¸ğŸ˜‚ğŸ’‹ https://t co/EFgjYUsLIO,Fear
I donâ€™t even recall when was the last time I tried on jeans  ğŸ§ #Quarantinelife #scared #chunky ?,Fear
i always knew siri worked for the government ğŸŒš #siri #conspiracy #government #wtfAmerica #scared https://t co/l8Dt96rEmn,Fear
 If a coworker becomes infected  do you think they would tell us?    No    #trustworthy #scared ğŸ˜• #COVID19,Fear
When you hope that you get your package you pre paid $120 for     #scared #prayforyaboy,Fear
#seewhathadhappenedwas I was #scared of myself ğŸ¤·ğŸ¾â€â™‚ï¸ Not too many people know what that feels like   the so to speak epitome of being  scared of your shadow  ğŸ˜‚ğŸ˜‚ğŸ˜‚,Fear
#illegal #DonaldTrump   @realDonaldTrump  Suppressing the vote is great weaknesses    Only a Weak president is #scared of #VoteByMail https://t co/OAsAgmG3p8,Fear
UK economy could shrink by 35% with 2m job losses  warns OBR https://t co/oHDzCSAa7i // :-( #scared,Fear
She was #scared and #angry  and she consistently took it out on him  She was constantly on him trying to figure out if he was #Cheating  turns out he's just an older wiser man  Find out what led to this #Tolerism on this episode now available on #YouTube  https://t co/rSescnoJm4,Fear
#scared #run #cows @ Celebration  Florida https://t co/EeRVO5dDhN,Fear
ğŸ¤¯ğŸ˜³ğŸ¥º Another freaking #earthquake #Utah #utahquake my nerves are officially gone! #Anxiety #stress #scared,Fear
@filmfics thats pretty but im #scared,Fear
The world gets this virus sucks and is awful but instead of tweeting retweeting every negative thing u see or dislike   tweet something good or dumb or funny fill twitter feeds with that not constant negativity    #happy should be trending not #scared or some bs we got this,Fear
Better late than never  Go through the mind of a child as more Layers are uncovered   https://t co/fxPykzVTKW via @Youtube #LayersofFear #Scared #LesBros,Fear
#scared bc i have to start ap micro on thursday ğŸ˜†ğŸ˜ https://t co/gmk0nzUYXJ,Fear
I unfollowed my bestfriend accidentally and now Iâ€™m scared to follow her again   Then she will notice   #scared,Fear
@cmclymer I like your optimism  but don't forget many thought HRC was going to be the  next president  and that didn't work out too well   I have never wanted to be more wrong about something in all my life  but I have this horrible feeling about November  #scared #depressed,Fear
So I'm going to be streaming a horror game in my path to reach affiliate and I'm curious what you guys would rather see  They all will scare the shit out of me anyway lol https://t co/8ccWFdb6AO @FracturedEmpire #smallstreamer #SupportSmallStreams #twitchtv #FaZeUp #scared,Fear
Love @OverDrive1050 when @odognine2 gets #spooked #scared @CathyKnicely so funny   https://t co/6USQgpkGrL,Fear
@FredTJoseph I wonder is he trying to kill everyone who don't make 7 figures #madashell #SCARED #WEGOTTOHAVEFAITH,Fear
Massively swollen glands  sore throat  nausea and loss of appetite and taste #scared,Fear
@ndrew_lawrence You do realize some states have voted by mail for years   #scared #VoteByMail #DictatorTrump,Fear
Iâ€™m playing warzone right now     soloâ€™s  heartbeat sensor out  no white dots but I hear footsteps    I lowkey am not moving because I need shields  so Iâ€™m probably going to lose this gunfight  #smart  Thatâ€™s why Iâ€™m here  waiting patiently  tweeting thisğŸ˜‚ #warzone #scared https://t co/0ptO75WA9m,Fear
Apparently some Brexiteers need to just straight up be honest and say they think immigrant Muslims have infiltrated our government and police and somehow leaving the EU is going to solve all thatğŸ˜† #paranoid #scared #hermits and #cowards,Fear
@jonathanurick Iâ€™ve been receiving these threats for weeks    #scared,Fear
coming out to my only friend tmmrw #scared https://t co/Op52IHS1QH,Fear
@imedwardwalther You ducking me on the FIFA #scared,Fear
@EdanClay @realDonaldTrump The #fear is strong with this one  #scared #frightened,Fear
Year 12  IB  Term 2  Online  Letâ€™s do this  #holdme #scared #andImnoteventheonedoingit https://t co/6KnBSSK3qi,Fear
What it really feels like when you hook a giant fish  #fishing #sharkfishing #staysafe #bigfish #scared https://t co/VRqOCr3FWu,Fear
Shitting myself playing this game! #PS4share #ResidentEvil2 #RE2 #Capcom #Scared #Scarygames #Whyamidoingthis https://t co/cu2ZzYf5pn,Fear
Are you a bit scared and terrified when you look at the clock coincidentally and it is exactly 12:00 or 3:00 am? Cause I am and it freaks me out ğŸ˜¶ #scared,Fear
From â€“ ChildMindInstitute: #EMBRACEtheUNKNOWN Whatâ€™ll happen #Uncertainty is #scary #worrying won't #fix it #DeepBreath when uâ€™re #scared #Say #outloud â€œI donâ€™t know whatâ€™s going 2 happen thatâ€™s #okay #Focus on the #moment #DailySchedule BLOG on https://t co/v3LfcREdi4 https://t co/GPClqJFAg6,Fear
dyeing my hair rn  i am #scared,Fear
@KatyTurNBC My landlord is already asking  I've already emptied my account with whatever i have for rent and owe about $200 which i dont have  #ANXIETY #WORRIED #SCARED,Fear
Looks outside  Repoman? Nope  Just landscapers  #scared  #paypal,Fear
#C4News - in a perverse way  it's a big #compliment  They're #SCARED! #accountability #criminal #HoldThemToAccount #CorporateManslaughter https://t co/qvznU0B5St,Fear
@RepAdamSchiff Why do you Lie everyday        #GITMO  #Scared much  You are going down ğŸ˜³ğŸ˜ Count on it ğŸ˜,Fear
Overwhelmed and #scared? Your Resiliency GPS canâ€™t cure the problems of the world but it can help you build strength &amp  resilience to get you through  @macdarling https://t co/hZpntQ10vw https://t co/RA6sMRTHtB,Fear
Been spending the last couple days #BingeWatching #Alien  #Witch  #Ghost and #Bigfoot #Documentaries on the #Roku channel  That's it  That's the tweet  Lol  â¤ï¸ğŸ˜±ğŸ‘½ğŸ§™ğŸ‘»ğŸ™Š #Quarantine #SocialDistancing #WhatDayIsIt #Scared https://t co/9PXsBiJiJu,Fear
The wolf is hunting     https://t co/3oSFgMrahR  #streaming #TwitchPrime #stream #horror #scared #StreamerNetwork,Fear
My love for her gets stronger and stronger!! #scared,Fear
@pulte $anella0521  Thanks for being willing to help out @pulte  Both of my sisters have gotten their stimulus checks from the government(but theyâ€™re both still working) and Iâ€™m waiting and waiting on mine  but no dice  I really need it to pay my bills this month  #scared,Fear
I know you all want to know   what scares @scubastevefsu? You might have the same fear?! Click the link below to listen to Episode 72 now!  â–¶ï¸https://t co/fDc4fnwmhZâ—€ï¸ #comedy #podcasts #cuptocupshow #scared #fears #scary #tuesdayafternoon #april #humor #newepisodetuesday https://t co/KEP1zof7nh,Fear
@TMobileToe Never tried that! #omg #scared,Fear
@weebsandshit me too im #scared,Fear
Seriously sick thats y i am scared to give numbers to the courier person aswel #scared of bullshit ğŸ¤¦â€â™€ï¸ plz boycot this person @dominos @dominos_india https://t co/fHg3s4QhZf,Fear
Decided to make an alternate copy with open eyes   â€¢ â€¢ â€¢ â€¢ â€¢ #artist #artistoninstagram #scarecrow #scarecrowmask #mask #masks #maskmaker #horror #scared #create #creative @ Los Angeles  California https://t co/yoGsGXg9kg,Fear
#all moh Maya is left behind #trivedi #scared games,Fear
Lovely finish !!  #whatafinish #goal #scared #child https://t co/LwQvEOYDoR,Fear
SCARY GMOD MAP! *LINK* https://t co/HP8LJJA2zI #scary #scared #scare #youtube #subscribe #TuesdayMorning #tuesdayvibes #gmod #gaming #gamer #gamers #videogame #dev #youtubegaming,Fear
Mama G coffee â˜•ï¸ corner daily reading  Look at all the animals coming out  to play  Bring in #breathe #release #rebirth #scared #trust #mamag #gurumama @thegurumama @ Calgary  Alberta https://t co/pSQipZtgX0,Fear
@realDonaldTrump your daddy would be so disappointed with you! Take off the makeup  shave your head &amp  look in the mirror and see who you are  You use the word â€œfakeâ€ because You are projecting your fears about being an impostor  #bully #little #scared #boy  @NYGovCuomo = #realman https://t co/wx3918lsPj,Fear
getting scared from RE3 and  oK BoOmeR  has never been so fun LOL  streaming LIVE on: https://t co/GQTD4H7i1E  follow my socials: https://t co/QQkCMessUe  #dddrewsky #S1Ngaming @S1Ngaming #funny #boomer #twitch #streamer #ResidentEvil3 #okBoomer #scared #jumpScares https://t co/mzcQmCPsDi,Fear
They dont have any answers do they  Same words from them everyday apart from death rate  #pissedoff #scared,Fear
I am shaken by Andyâ€™s WhatsApp profile picture  #scared,Fear
And surprisingly it was not even on charging!  There were no apps running behind!  Took about half n hour to cool down while it was turned off!!!!!!  Do I keep it closer to me??? Do I even keep it in my room/place?????? #scared,Fear
I'm so excited to see your reactions when I release this on the 16th :) recognize the game?!? #scared #rybro #hype https://t co/O8nKuGrRVr,Fear
@RobertCMahon @GeoEdResearch We've got to sign in and are only allowed to make quick trips to our offices to retrieve stuff  I have been procrastinating a trip to pick up papers for grade entry  I'll be honest  about 50% of the reason is the bag of bananas on my office floor  No lie  #scared,Fear
@MeghanMcCain YOU have been #Scared for a long time  especially that NO Man would ever marry you   That mouth and backward thinking hopefully will NOT end your marriage   You are the WORLD MISERABLE MARRIED Woman STILL   Lord Help your child  being a Mom in question too  ,Fear
Check out Isabella 's video! #TikTok make my mum go viral I scared her soo bad show her the love she deserves ğŸ˜‚ #comedy #scared #prank #pranked #mum #gotyou  https://t co/hTtXBEKedv,Fear
@realDonaldTrump @WhiteHouse ğŸ˜³this guy scares me on a daily basis  Where is humanity? This is NOT the way to lead people  Heâ€™s unraveling before our eyes  #scared #PeopleAreDying #weneedarealpresident,Fear
So worried for a friend who was being transported by ambulance to StL overnight (not Covid related) completely alone and scared  This pandemic sucks in countless ways  #scared #worried #COVID19sucks,Fear
I just dont have the best credit to get a bank loan ( ive tried)ğŸ˜ any reply would ease my mind even if its encouragement to keep going  So please dont ignore me  #COVID19 #tana #jeffreestar #JeffreeStarApproved #dizzy #shanedawsonmerch #conspiracy #scared,Fear
#rat #scared #scream @ Celebration  Florida https://t co/kHyoVaklBA,Fear
ğŸ”´LIVE NOW at https://t co/ziiXcS9kQI!   Just trying not to crash!! #f12019 Lets hope the bots are nice today! #Scared #Racing #UntoldFam #AUTCASTS,Fear
Do you respect your #parents #or you â€˜re just #scared ?,Fear
How your pet looks at you when you want cuddles #catlife #ScaredyCat #Scared #Cats #Pets #Fear https://t co/bV5msu2im8,Fear
Overwhelmed and #scared? Your Resiliency GPS canâ€™t cure the problems of the world but it can help you build strength &amp  resilience to get you through  @macdarling https://t co/PkHah9qpx2 https://t co/1dcWhfMC9u,Fear
@TeamKhabib @TheNotoriousMMA might be Mr TapOut but you bro are Mr PullOut! #sendlocation #pullout #fear #scared #ğŸ‡²ğŸ‡½,Fear
#lockdown2 started with Bandra and cheap politics   How central Govt can be blamed for this?   2 days ago we extended our lockdown    If communication is issue why all gathered only in bandra and no other station    Is it planned? @OfficeofUT @AUThackeray #shame #sad #scared,Fear
Our little #security #puppy got #scared while on watch  Check this out from living on the #farm with all our animals   https://t co/w3TGbQAyoK,Fear
Shopping trip didn't go well  I took a funny turn  Chest pain/tightness  feeling wobbly  Spoken to gp  Not sure if I've had really bad attack of costochondritis or something else  Being sent to hospital for ecg   #Scared,Fear
@piersmorgan Still no anger towards the religion of peace followers who continue to display contempt for the lockdown rules  #scared #hypocrite,Fear
Shits getting real ğŸ˜· #scared https://t co/WRDDrvvdY3,Fear
#Immigrants Are #Scared Of Getting #Coronavirus #Treatment Because Of Trump's #Crackdownâ€¦ https://t co/GsaaBn0BlZ,Fear
Before  during &amp  after pics of my first full night shift on the #frontline  #sore #scared #tired #sad #confused #proud #respect #inspired - Iâ€™m not â€˜braveâ€™  Iâ€™m not a â€˜heroâ€™  Iâ€™m a Nurse doing what i believe is right with the skills that I have for those in their hour of need ğŸ˜ https://t co/D02q7jmiJE,Fear
ğŸ¤”   we can't celebrate our birthdays with FAMILY     what are these poor #overworked? #tired? #vulnerable? #scared?? #keyworkers? #FrontLineHeroes?        exactly celebrating?     #death??ğŸ˜¶ #deathparade WTF is it that they have  to dance about?? #firefighters??wtf  ğŸ¤¨a https://t co/X1r1trK7lf,Fear
My computer is working really hard  my drive is full  my hard drive isnâ€™t connecting  so I canâ€™t move files on too it  #scared #whatdoIdo,Fear
With the rising cases and I still have to go to work  honestly am scared    #COVID #corona #scared,Fear
Coronavirus patients are scared  need psychological support too: AIIMS Nursing Officers #coronavirus #patients #scared #psychological #support #nursing #officers https://t co/uqhRTpwzDc,Fear
Facebook algorithms can predict when a person is falling out of love ğŸ˜±ğŸ˜± with a partner!! #scared  Whatâ€™s next  prophylactic assassinations?,Fear
I went over the handlebars of my bike yesterday  The closest person to call for help was my 8yo and now she is scared to ride  I feel like the worst mum in the world  I have to go straight back on  donâ€™t I? Please send encouraging words #WritingCommunity #scared #bruised #cycling,Fear
This is what Iâ€™m going through right now guys been dealing with it since yesterday morning if anybody can #help -$ChellChase-I have a cashapp card  never loaded it and Iâ€™ve been tweeting @PayPal 24/7Hoping for an answer at least but nothing #scared #crying #RandomActsOfKindness https://t co/I3zO72C9Ti,Fear
ok so my dad usually works at night but hes starting his week off rn and im kind of #scared to be in the house now aha ha,Fear
i watched all 3 addresses by #modiji -worth rewatching - 1st 2  i did not watch live-3rd  i did  1st 2 had about 90% less arrogance  #modiji looked #scared #worried (i know  many who r very scared-also cases of suicides)  3rd? he started his #arrogance - #selfpraise immediately,Fear
@featherytae a little #scared rn    i do Not like jk n his gf rnğŸ¤¢ğŸ¤¢ https://t co/ABAuZjJkz3,Fear
@BronsonQue @Phermes54 #pence Is Too #Scared Of #trump To Call For The #25thAmendment And Is Also #Afraid Of Being In Charge!,Fear
I'm scared to say I love you  afraid to let you know: that the simplest of words won't come out of my mouth  though I'm dying to let them go  trying to let you know     #Scared (@PaulMcCartney)  https://t co/0QU3ACQ0lR,Fear
@rheaseehorn My heart is racing after that BETTER CALL SAUL episode  And I demand @rheaseehorn  gets that freaking Emmy this year! Along with this whole show and cast in it! #BetterCallSaul #drama #ahh #scared #television #lockdown #filmtwitter,Fear
@PayPal But no you just suspended it and here I am with a child with literally $0 not  01 because everything is in my PayPal account   my bank account with you and you canâ€™t have anybody contact me #crying #scared #broke #mad,Fear
In a month   ill be having my first baby! ğŸ¤—  #scared&amp exoited !! And ill be a single mom then ğŸ’ªğŸ¼â¤ï¸,Fear
My heart is racing after that BETTER CALL SAUL episode  And I demand @rheaseehorn gets that freaking Emmy this year! Along with this whole show and cast in it! #BetterCallSaul #drama #ahh #scared #television #lockdown #filmtwitter https://t co/ej5uihjyzT,Fear
Note that he says January to her twice  She specifically says February  and repeats herself  He then says democrats think he acted to quickly - he meant slowly  This is the president of our country and he could not speak clearly regarding a simple question  #scared #TrumpMeltdown https://t co/0GgcfpFpDd,Fear
#MorningJoe @JoeNBC Please talk about the breakdown Trump had at his so-called press briefing  He's losing it and putting Americans in danger  #Scared,Fear
Never beat five nights at Freddy because Iâ€™m such a pussy so    #FNAF #streamer #scared #twitch,Fear
@SuvarnaVeerappa @mkatju @Skull Humans never even built a good school for  Piddis    ğŸ˜¢ğŸ‘‡ #Scared,Fear
I know sometimes you may feel #scared and #helpless in this world  But it is okay to stand your ground and #fight Find your #passion  Find your #purpose and never fucking give up on yourself  I #promise I've #gotyourback https://t co/hcAshs7mZ2,Fear
#-&amp  #scared Me i a am  +#?    ? eEvryrhing  s feel              queasy rn it s so  Bad  #hurts https://t co/QObSiSlWYQ,Fear
Since I had an abnormal echo last week with some minor pain  I came to the doctor today  They are going to do a 24-hour heart check to see why I am having all of these extra palpitations  #worried #scared #anxiousâ€¦ https://t co/7EBx632QKz,Fear
That shit is true!  I just started loosing hope in that life ğŸ˜£ #scared #Covid_19 #coronavirus #stage3 #peopledie #StayAtHome https://t co/kGpEBSzS10,Fear
Yâ€™all pray for me    nothings wrong    I just slid in my crushes DMs ğŸ˜³ #scared,Fear
All the lights outside on the street outside my apartment is turned off  Creepy ğŸ˜± that has never happened before  It's so dark and i feel like im in a zombie movie locked in my apartment ğŸ˜‚ #scared https://t co/ZV4GIuXJtL,Fear
Between the lockdown  the fact that I already suffer from depression and anxiety and whatâ€™s going on politically in the world right now  Iâ€™m so done!! Iâ€™m just finding it hard to cope!! #feellikeihavenoone #scared #hubbytriesbutdoesntgetit #exhausted xx,Fear
There are still more Layers to peel away as we start the DLC Layers of Fear Inheritance https://t co/aQXacRHUxv via @YouTube #LayersofFear #LesBros #Scared,Fear
#FailedPresident â¦@realDonaldTrumpâ© timeline on #CoronaCrisis  Now he doesnâ€™t want #Wisconsin to run this ad      #scared https://t co/xLk1ZV0LOo,Fear
mf im #scared,Fear
Whoâ€™s going to save us from @realDonaldTrump ?  #scared #TrumpOwnsEveryDeath https://t co/qffQikctNL,Fear
Sometimes I feel like Iâ€™m on an emotional roller coaster  #sad #angry #thankful #content #restless #scared #optimistic All in the last 2 hours  #MondayMood #MondayMindset https://t co/REOjEDzOYN,Fear
@MSNBC @tunein Why did u stop airing the trump video and press conference  The video was amazing and really showed the poor job the media did  I guess u got offended  Well I for one will no longer watch because ur a democratic company and youâ€™re not letting the Americans have the news! #scared,Fear
Delivery Drivers- Are You Scared   ps Thank You  https://t co/ZpWbDU7bdj  #delivery #drivers #ThankYou #support #praisebetogod #blog #blogger #blogging #latest #FearMongering #scared #lockdown #QuarantineLife https://t co/0LG60fVJKc,Fear
Well Amy got me again  This lady is 2-0 now  Oh and I was fake singing  just yelling to be loud   Man   #shegotme #scared #yup #amy https://t co/Z4OHTOIF2s,Fear
Trump is that boy in the 7th grade that acts tough  But fails to show up for the playground fight against the nice kid  #PressConference #Trump #scared https://t co/CEV87Yog0m,Fear
Ohhhh Lord  my piercing came out of its spot and went through my pee hole  It was hurting for a couple of days so I know why now  #Apadravya #Scared,Fear
@cjscammer Iâ€™m letting my true colors show on here #scared,Fear
Everyone in my class so far has failed our exam  Am I going to be the miracle? #Scared https://t co/m04mHjwLt1,Fear
Overwhelmed and #scared? Your Resiliency GPS canâ€™t cure the problems of the world but it can help you build strength &amp  resilience to get you through  @macdarling https://t co/SX8eiHYILN https://t co/WbAkB9r53M,Fear
MY 40 SEC HORROR SHORT during QUARANTINE #triplethreatfrisco #actor #celebrity #tv #film #entertainment #entertainer #dancer #photooftheday #photography #success #horror #short #fun #scared @ Somewhere on the Earth https://t co/FRSYGweq2y,Fear
Marvin is back at the vet again this time for an ultrasound   My sister in law @Mrs_danyelle saved the day and met me at the vetâ¤â¤â¤  I should know results in a couple of hours   #scared,Fear
Going through Resident Evil 4 Blind First Playthrough - Join in for the fun and scares and death - https://t co/oYoiHHXOyL  #ResidentEvil #ResidentEvil4 #horror #blindplaythrough #letplay #twitch #twitchaffiliate #scared #fun,Fear
Trumpâ€™s so full of fear that people will see behind his bluster  boasting &amp  lies  Heâ€™s terrified people will see who he really is  #scared https://t co/mam4nlNfCG,Fear
Tomorrow I will try 8h stream of Resident Evil 3   Try  because after stream I'm working night shift ğŸ˜¢ but will do my best! We'll call it Episode 1 (simple as that ğŸ˜‚) Tune in and help me scream ğŸ˜‚ #stream #gaming #twitch #ResidentEvil3 #horor #scared,Fear
Many of you tell me that you are #scared to start a business  Starting a #business it's like learning to ride a #bike    Before the bike you learnt how to walk  talk  make friends  read  write  etc    Learn a business #strategy  Contact me for a complimentary #consulting session  https://t co/Myd5DDMdmB,Fear
Things have been going pretty good for me right now   #scared https://t co/a5Eh9kiSu6,Fear
So I'm not good at horror games     So I'm doing a horror game  https://t co/ML3QQbzOAl  #horrorgame #scared #LockdownIreland,Fear
Going live a little early  just chatting  then for some little nightmares!! #scared #JustChatting #streamer #twitch https://t co/pYJJNpS9Gq,Fear
Overwhelmed and #scared? Your Resiliency GPS canâ€™t cure the problems of the world but it can help you build strength &amp  resilience to get you through  @macdarling https://t co/Eghsjt3FqV https://t co/hSvPxkxEXs,Fear
i was not prepaired for that  NOT AT ALL XD       https://t co/y4dSOyG9yE &lt --- follow us for more stupid fun xD   #jumpscare #horror #stream #twitchstreamer  #furry #funny #spooky #scared #scary https://t co/qFP8mdxlnD,Fear
Abigail sketch in progress           #abigailhobbs #kaceyrohl #hannibal #fannibal #cannibal #art #artistsoninstagram #artwork #artist #fanart #drawing #pencildrawing #painting #watercolorpainting #inprogress #bloody #scared #sad https://t co/ZiBBIWlBVo,Fear
going to paint something like this on my pants iâ€™m #scared https://t co/AEB6XdDDaB,Fear
Being completely broke in a pandemic is pretty terrible  #COVID19 #scared,Fear
Imma be  Imma be  Imma be be be streaming some Blair Witch right now on https://t co/A6utdTY9TY #twitch #twitchstreamer #twitchtv #twitchstream #twitchstreamer #TwitchStreamers #Xbox #gamepass #scared,Fear
I do not have #COVID19  I was tested when I was diagnosed with #KidneyStones on Friday &amp  recieved results in 2 days exactly to the minute  Today is day 5  I thought I was on the mend yesterday  But  today my #Pain &amp  #Fever are worse  I've been completely alone for 14 mos  #Scared,Fear
Tornados floods #CoronavirusPandemic what else can go wrong ? #scared,Fear
I used to be #Scared that my old #Lady wouldn't like my new #Boyfriend    now I'm the third #Wheel  ğŸ¤£   #Cats #Cat #Kittens #Kitten #Kitty #Pets #Pet #Meow #Moe #CuteCats #CuteCat #CuteKittens #CuteKitten #MeowMoe   #Wouldnt   https://t co/y1CMOxvHc0     https://t co/LC1X0qOfr1,Fear
Thank you my gorgeous #NHS team! #savelives #stayhome #districtnurse #outofhours #leanonme #scared https://t co/Rt0W8TnKEn,Fear
Put Away â€¢ #poetry #sycamoretrees #insideportrait #isolation #hidden #whoweare #wantingpeace #fear #peerpressure #abandoned #afraid #labeled #scared #castaways #peeledaway #truthlies https://t co/Agd5CTVbZ9,Fear
ğŸ”´LIVE NOW at https://t co/ziiXcS9kQI!   Racing day arrives! #f12019 Lets hope the bots are nice today! #Scared #Racing #UntoldFam #AUTCASTS,Fear
@realDonaldTrump #fire Fauci  If you do that? You pretty much fired yourself   #scared of no reelection driving irresponsible ideas,Fear
we have a tornado watch i canttttt iâ€™m #scared i hate #tornadoes,Fear
The only thing we should fear is fear itself #fear #scared #freakout,Fear
@ReturntoOrder WHERE  ARE  OUR  SHEPHERDS!?  MANY TRANSFORMED  INTO  OSTRICHES  WITH THEIR  HEADS IN THE GROUND &amp  BUTTS IN THE AIR!  FEED MY SHEEP  NOT  RUN AWAY TO HIDE  PETER!  #Abandoned #forgotten #Ignored #Scared #Lawsuits #BasketCase  #morningglory https://t co/cQEsNFpTOC,Fear
@JchubsM Still haven't seen your effort #scared,Fear
When students enter #college or university they are excited and #scared both  Excited because they are beginning a new phase in their life  and scared because of the burden of #writing projects that would be given to them  Visit here:https://t co/vNA83LFvsw https://t co/W8VKEHfmJ6,Fear
Rescission has Came! ğŸ˜¥ #scared,Fear
190701 instagram post https://t co/qjgjzgHeIm  I'm the Bad Guy   #Ken #StarLightBabys #BillieEilish #Music #BadGuy #scared #ìœ¼ì–´ì–´ì–´ì–´ã…“ã…“ #ë¬´ì„­ì§€ì´ì´ì´ì´ã…£ã…£ã…£ï¿¼ï¿¼ https://t co/Fpnrm5Z1Wg,Fear
Join us tonight 8pm GMT for our @AcorntoOakOrg community call  To register for FREE and receive instructions please click link  https://t co/PYVSzBSaoi #stayconnected #covid19 #community #help #isolation #mad #sad #scared #anxious #free #joinus #acorntooakorg #acorntooakschool https://t co/NfpzfBDXXg,Fear
#COVID2019 has undoubtedly put the whole world in a disturbing situation  where everyone is #scared of self-#isolation and is #quarantined   Click here : https://t co/7aqd74ExPc  #SelfIsolation #Quarantine #Covid_19 #delhi #sanitizer #WashYourHands #HealthyAtHome #health #india https://t co/X4yAkBqoR1,Fear
Holy heck Batman is that our next nemesis? #scared #nightmarestonight #nexthalloweencostume https://t co/jCjSxRTtkR,Fear
Writing is something Iâ€™ve done since I was a teen  I tend to #write more when I have too much going on inside &amp  Iâ€™m #conflicted &amp  #scared &amp  feel like I have no one  There has never been much #happiness in my writing  #tonightisbreakingpoint https://t co/UtzRIEp3kr,Fear
We've known about him for years  We've allowed him pretty much absolute power and he knows it  Where is the actual outrage and what can we do other than just b*tch about it? #scared #hewillkillusall #endofdemocracy #antichrist https://t co/Qn0u3ubhzO,Fear
The uncertainty due to the #CovidCrisis could be challenging for children  with the world around them changing faster than they could comprehend  This could make them feel #anxious &amp  #scared  Here are few tips on how you can support them cope up with this stress  #togetherwecan https://t co/8RshAddEDP,Fear
Ok guys and girls Soma won the vote so i will continue from where we left of  And if i finish it early i will jump over to Darkwood ğŸ˜ƒ  #smallstreamer #SmallStreamerCommunity #newstreamer #horror #twitchaffiliate #scared #soma,Fear
For awhile  I was really regretting the fact that I donâ€™t own any red slippers and wondered if the cat would mind her name being changed to Toto   #scared #tornadoes,Fear
#NHS #Covid19 #Nobility   - Nobility of my team of #NHS #Nurses I have the honour to work with   Never have they refused  or declined anything  are they #Scared ? Damned right they are  but for their families and friends  not themselves     - #Noble #PPE,Fear
being stuck at home sucks because iâ€™m stuck with my feelings and thoughts and iâ€™m feeling #scared lol haha,Fear
Brooooooooooooo first of all buzzball chugs part 2 !?! ğŸ‘€ğŸ¥´ğŸ˜‚ but youâ€™re literally one of the chillest person ever I canâ€™t wait to be on some crackhead desmadres shit w you ğŸ¤ª#Scared,Fear
@suckmydonghyun Lucas is staring at me rn #scared,Fear
Iâ€™m watching the movie Sleeping With The Enemy and even though Iâ€™ve seen this before I really need a teddy bear to hold  #scared #juliaroberts #sleepingwiththeenemy https://t co/cxT1oLL3M7,Fear
#stressed #anxious #alone #scared ? Join us LIVE Mon-Fri 15 30pm gmt FOR all The Family   FREE - 90mins Daily  FREE from Negativity thru Creativity using The Zentangle Method of #Mindful #art No exp  needed  It is #guided #Sessions  https://t co/MgvApvoIrT My students 9yrs + https://t co/r3ua2iESHn,Fear
YK WHAT IM SAYING ğŸ˜‚ğŸ˜‚ğŸ˜‚ #SCARED https://t co/0EP8AFuor1,Fear
Of course the day tornados touch down  my bae had to work ğŸ˜­ #scared,Fear
I would probably not use tempons ever in my life  Sad ğŸ’” #scared https://t co/sx0OpiyOBZ,Fear
Anybody wanna play club penguin ğŸ˜? #Clubpenguin #lonely #QuarantineLife #scared #IHateItHere #lookingforacutie #teenagers,Fear
@Karaharagu1 @ChinaDaily #50centArmy bot    logical question 4 U: if US farming is hurting  why is US food at record low prices and your food in #China is doubling? YOU CAN NOT DOMESTICALLY FEED UR PEOPLE! #CCP removed tariffs on food imports from US! #Scared #CCP is weak &amp  days r numbered  &amp  know it   ,Fear
I told my husband that I bet him I could stay off social media longer than he can stay off of video games   he ainâ€™t takin the bet lolol #scared,Fear
#Westworldseason3 is way too reminiscent of what could  and is  happening #IRL2020  #scared #NewWorldOrdervirus,Fear
that time i went to local coffee shop and a man told me his profession was trying to solve why some people donâ€™t see images in their head &amp  how to help them and then proceeded to psychoanalyze me and it #scared me https://t co/opT7pNyjbn,Fear
Iâ€™m #scared too #stop #screaming #amwriting #scriptnotes #nycgratitue @ New York  New York https://t co/rzrIpZ9pxP,Fear
In less than 24 hours I go into the hospital to have My SonğŸ˜…    #aprilbaby #scared #mommasboy #41weeks,Fear
I just want to die  Humans tell me it's not bad that i want this Yet they tell and ask me to stay  I'm tired of trying  Sorry if i don't make it far  #sad #scared #alone #heartbroken #suicidal #letmedie #hurting,Fear
It's happening   I watched the YouTube tutorial and God be with me           #donttrythisathome  #youtube #BunnyCut #selfcare #selfcut #couldbeworse #haircut #hair #scared #excited #PlanBShaveItAllOFF @ San Diego â€¦ https://t co/A1RUsgQUtl,Fear
i read it thinking it wasnâ€™t gonna be bad now iâ€™m kinda #scared https://t co/OetGsk0zqs,Fear
Now #historians have to find out if @realDonaldTrump is bought or just intimidated by the cartel  He does the bidding of the most evil people on earth now  Is he #scared? Is he bought? Is he stupid? Many questions   ,Fear
@WTVAWeather @matt_laubhan  Please don't forget us in NE Mississippi #belmont #shelteringathome #scared,Fear
Today is not a good day Iâ€™m not ashamed to say Iâ€™ve sobbed because Iâ€™m scared and I honestly donâ€™t know how we are all going to make it through this  My brain has made up all sorts of scenarios and I canâ€™t even differentiate between reality anymore  #scared #praying,Fear
Abigail sketch in progress           #abigailhobbs #kaceyrohl #hannibal #fannibal #cannibal #hannibalnbc #art #fanart #drawing #pencildrawing #graphitedrawing #sketch #painting #watercolorpainting #scared #bloody #tears #sad https://t co/3sS4SorLqm,Fear
My son is scared to play me in @RocketLeague  Iâ€™ve been training  #scared #kids,Fear
@seanhannity @nytimes @maggieNYT Hey @SeanHannity: You Scared bro? You sound #Scared  #SueFoxNews   How Foxâ€™s @SeanHannity has downplayed the coronavirus pandemic in America: https://t co/ZbL7ThVRp5,Fear
Shit those were scary times #scared #Unknown #COVID19 https://t co/Ho0AvUQ0M7,Fear
@Beeg_Hat @richardklinger @UTDallTM @RedditCFB Aggy ran from big brother    letâ€™s not try to make it into anything else other than that  #scared,Fear
let us @HuntShowdown   https://t co/mssDDLlV5E  #streaming #TwitchPrime #stream #horror #scared #StreamerNetwork,Fear
#DOOMETERNAL #Twitch Nightmare Difficulty  #Streaming #doom  #Twitch #Scary #Scubasgaming #horrogame #scared #horror #scifi #steam #games #TwitchAffilate #gamer #streamer #smallstreamer #scarygame #horrorgame #SciFiFri #actiongame #fps  https://t co/ltcPPxBtK6 @DOOM  @bethesda https://t co/MVGKTehKHQ,Fear
Okay really worried about my daughter  she's developed a cough over the last 3-4 days and is vomiting and sweating     But she is pregnant too  #frightened #scared #COVID19 #coronavirusuk #NHS #111 #help,Fear
Please give me a clue    Is there someone scared of losing me too?  I am always scared for losing some people in my life but I have a question  whether they feel the same?  For full poem visit by website https://t co/5RAzOEPxKA #poetry #realthoughts #people #losing #scared https://t co/6rcjRNBtAJ,Fear
Horror creators    You can participate in SCARED The Documentary Volume Two remotely    This shut down would be a perfect time  Ask for details  thenightmarecloset@yahoo com #scared  #horror #horrorfamily #horrormovie #filmakers #indiefilm #indiehorror  #music #art #authors https://t co/bqBcjcYS8i,Fear
Sometimes itâ€™s hard to believe what you canâ€™t see  #faith #havefaith he is waiting for you all  Donâ€™t be #scared https://t co/6PtFlF6izR,Fear
Am I #scared? RN  yes  But I also know that the more we practice #SocialDistancing and keep ourselves confined to our rooms  we'll be effectively preventing the spread of #COVID19 and creating a better future for all of us  https://t co/t6CEWYGjFb,Fear
@TheSphereHunter What if they remove it? And change it with another type of setpiece?  #somethingtothinkabout #ResidentEvil4Remake #Scared #BestGameEver,Fear
Goshdarnit  a Resident Evil 4 Remake? Dude  as much as I Love Resident Evil 4  im scared for to be remade  like  what if it turns out to be a flop? Please Capcom  think this through  #Residentevil4remake #capcom #QuarantineLife #scared #thinkaboutitman,Fear
everyone is making backups  feeling #scared asf,Fear
@GMA anyone out there I can get help from to help save my dads home? He has extreme Parkinson's disease and is behind on his property taxes and about to lose his house  Nowhere to go and desperate  Please help save our home  #scared,Fear
I wonder whatâ€™s going to be in the next few chapters of this @StephenKing YEAR ğŸ¤¦ğŸ½â€â™€ï¸ #Scared,Fear
WTF  YouTube this must be a mistake? This is one of the channels that really take care not to cross your many rules ğŸ˜­ Plz do somethingğŸ™ &amp  don't hurt me I'm cute ğŸ˜šğŸŒ·ğŸ‘‹ #scared #demonitized #mistake #omg ğŸ‘€ @ytcreators @YoutubeSuppor16 @TheYTForum @YouTube @YouTubesHorror1 https://t co/zdwP5awTMs,Fear
PS4 clubs game anyone?? #proclubs #fifa20 #scared @FifaProClubshub,Fear
This storm woke me up  #scared,Fear
@Wend1321 In a moment of madness I mentioned to the birthday girl the other day if this carries on she can shave mine off #scared https://t co/xiV8rRgYAL,Fear
#Respect to all new #studies cominging 4rm #chosen1 patch / #Rats swarmed da streets #instead of #human beings da fume 4rm #chemicals in da air / da #radiation sending out vyrusâ€™s rat #crawling slowly on da #pavement #kids are #scared outhere fix this #Pollution  thank you ğŸ“¡ğŸŒğŸ™ğŸ¾,Fear
@13thHoneyBadger @AliAbdelaziz00 @TheNotoriousMMA Conor will smash tony and justin you will see  all your boy did was hold conor on the floor  safety tactics  but good job to be fair to khabib  conor was out for 2 years and didnt need to fight khabib but he did anyway  now khabib not fight him  #scared,Fear
I had some of the worst dreams last night  I woke up 4 times and they continued each time  #scared #barelyslept #welcometomylife #facts,Fear
they never mentioned https://t co/EfU6kEMlp7 were they #scared of #waking ME?? https://t co/12msb2wGye,Fear
OMGMGMSL(!_#(+((! #scared  https://t co/HBGAwRF3m0,Fear
Trapped in the car series  Thunder under me  God mad yall  Yep  No mass praise today  Whomever is responsible for that I pray karma doesn't sting that bad  Nooooooo!! Trapped in the car yall!!ğŸ˜‚ğŸ˜‚ğŸ˜‚ don't laugh this real  Im always in some shit uh  Help! Sos!ğŸ˜‚ #NotFunny #scared,Fear
Im in some guys bed rn wearing his cologne #scared,Fear
@_lorenagabriela @beastescobar I honestly do not know     and that scares me #scared,Fear
Massiv how @YouTube  #CENSORED so many Channels and Streams  #Shame on you! #FreedomOfSpeech in 2020! We talk about #China but we are not better in the #West  Most people are just #brainwashed without the possibility to think for themselves  They are #scared like little girls ,Fear
Where is Sikowitz?!? Not liking this situation  FEELING: #scared ğŸ˜±,Fear
Dead end of Talents  #scared of perfection in ONE/JAM #learnt thro books-professionals always angered by Christ's prodiginess frm ancient of times its natural  Music fr normal man wh matters Who wins he #can rajnikanth even act lik that wit al those help  https://t co/nuZAEhUgMe,Fear
So I kinda just broke up with Preston through text   Dunno what heâ€™s gonna say ğŸ¥º #scared #hesucks,Fear
This is Really Important  â€œDo Not Be #Afraidâ€: Know this  being #scared and afraid are 2â€¦ https://t co/SESWEj9dlF,Fear
Ya ever have those moments when you really start worrying about your mental health? Yea thatâ€™s me rn   #mentalhealth #mentalbreakdown #inmyfeelings #scared #worry #amiok,Fear
OK #SCARED to watch ep 6 but also excited but i dont want haru to keeo distancing herself,Fear
Just what we need How do we maintain social distance &amp  a stay home order in a tornado esp if our homes become unlivable? Pray the storms dont produce any tornadoes or damage  Bc if they do the death toll for covid will rise higher than normal &amp  higher than a tornado toll #scared https://t co/otsaT3lntL,Fear
Iâ€™m really #scared like truly TF GOES ONğŸ’€ kpoppie Twitter has gon too far like just really in a whole nother level of real clown shit and like- I canâ€™t believe Iâ€™m just seeing this shit  Anyways chile- Gn mootsğŸ’œ,Fear
I need to talk  #depression  #scared,Fear
#COVID19 has taught me one important thing  how to run a government with #JaffaCakes being plentiful &amp  @McDonalds try to bring them together  Failing that they must attempt with Milky Way  unless theyâ€™re #scared #Vote #DanCo #givemeajob,Fear
Are U #Christian on #Easter  #Easter2020  and #LOVE  â¤âœï¸ğŸ™ğŸ»ğŸ’  what #Jesus did in your life?     but 2 #shy  #scared #timid #embarrassed to share it     this short #sermon is #MUSTSEETV for U in a world of pain #COVID19 #COVID__19 âœï¸ #CoronavirusOutbreak  https://t co/0fmlo5fMO4,Fear
Oooo when them mommas is quiet  #scared,Fear
This is #Brian  We found him under our #Car two #Years ago #Small and #Scared so we #Decided to #Give it       #Cats #Cat #Kittens #Kitten #Kitty #Pets #Pet #Meow #Moe #CuteCats #CuteCat #CuteKittens #CuteKitten #MeowMoe   #Hes   https://t co/Rr7T6QfUhD     https://t co/qSRjFJS8z9,Fear
I love it when he disrespects me #scared,Fear
Scarecrow mask progress  Debating whether to cut the eyes out or leave them covered  â€¢ â€¢ â€¢ â€¢ â€¢ #artist #artistoninstagram #mask #masks #maskmaker #scarecrow #scarecrowmask #horror #quarantine #scared #latex #burlapâ€¦ https://t co/nyyEeGgaAk,Fear
Cant be doing this to me  I have high blood pressure! #StayAtHome #COVID19 #jokes #Quarantine #SaturdayMotivation #scared https://t co/2ViF6rOkrg,Fear
Not for the faint hearted  The Liberation of Paul explores the darkest &amp  most twisted aspects of abuse and humankind &amp  sheds a healthy beam of light on them in more ways than one  #BookBoost #horror #thriller #abused #IARTG #Kindle #scared #Books #mustread https://t co/I7N1VTeQIh,Fear
@xKingsWorld @Astroloxyy @RabbTiller2K @281xTrey @NEXT2Kesports We see who tryna wager and who not #Scared,Fear
The last two nights Iâ€™ve had visions of my death in various ways  #depression #depressed #Mentalhealth #scared,Fear
Who is the #MidnightMan ? What is the back story? #scared #horror movie https://t co/7SUMC0ayG5,Fear
Ignore my awful laugh/wheezing in the beginning lol  #Fortnite #FortniteBattleRoyale #GoingOff #Scared https://t co/oM7rtzPOJ4,Fear
When you see blue and red flashing lights at the opposite side of the field where you live and get panicked  have to google which emergency vehicle they are  police I believe but still wonder and think shit this is getting nearer #scared #tooanxioustosleep,Fear
@MakingtheCutTV @NaomiCampbell @PrimeVideo @AmazonFashion She was ğŸ¤¬at the evaluation! #scared,Fear
@tribelaw @grantstern #trump is #scared #leaks &amp  #tanpants prove it https://t co/9X9kWTzBQl,Fear
Just take a moment    https://t co/AwNQeN8ANR  #grateful #scared,Fear
She thought she was just scaring our daughter!!! #scared https://t co/qsGiu03ziG,Fear
@askjillian Anytime Trump points to his #head for the answer  the American People should be very very #scared ,Fear
@desperado_lucky Fine Iâ€™ll try ğŸ˜° #scared,Fear
we've only interacted but u seem so sweet and funny and i lowkey want to be closer but im #scared ğŸ’”ğŸ’”,Fear
@AustinKellerman @JohnsHopkins Yay #amerika best in everything     #scared that something was trending called openamerikanow scared the crap outta me  https://t co/q2ulJgxF0z,Fear
Hope i no go off gen      #Scared       na only plank i get  wan use face axe??? #OgunUnrest,Fear
@alikat54 #scared Itâ€™s a slippery slope  This time next week it will be Murder She Wrote and back to back Hart to Hart,Fear
Check out TwinsFromRussia's video! #TikTok #twinsfromrussia #revega #shy #scared #challenge https://t co/Q8cKcutDKe,Fear
My husband is coloring and cutting my hair   Y'all  pray for me!  #COVID19 #coronavirus #StayHome #SaturdayMorning #lockdown #hair #Haircuts #hairstylist #SaturdayVibes #scared #helpme #desperate,Fear
@VH0Bl IM GONNA START IT TODAY AND IM #SCARED,Fear
Roasting my first whole chicken &amp  cooking my first squash tomorrow ğŸ˜¬ğŸ˜¬ #scared,Fear
#DOOMETERNAL #Twitch Nightmare Difficulty  #Streaming #doom  #Twitch #Scary #Scubasgaming #horrogame #scared #horror #scifi #steam #games #TwitchAffilate #gamer #streamer #smallstreamer #scarygame #horrorgame #SciFiFri #actiongame #fps  https://t co/ltcPPxBtK6 @DOOM    @bethesda https://t co/xhmoaV15Ke,Fear
Watching chitty bang bang on C5  been ok up to now but they just called for the #childcatcher and Iâ€™m having child hood flash backs  #scared,Fear
omg twitter evolving #scared,Fear
@EmmaKennedy Heâ€™s completely f@&amp king bonkers   #scared,Fear
Volunteer firefighters are now covered to CERB! But not self employed social workers still supporting clients who are suicidal  struggling w PTSD  Addiction! When we we NOT FALL THROUGH THE CRACKS?!?! #scared #CERBWontHelpMe #Coronavirus,Fear
Overwhelmed and #scared? Your Resiliency GPS canâ€™t cure the problems of the world but it can help you build strength &amp  resilience to get you through  @macdarling https://t co/XPiqWEm7Mo https://t co/SIrXNoXN3C,Fear
#TodayIWillTry to be nicer than I was yesterday  #grumpy #scared #insecure,Fear
This is how some #heartless  #unscrupulous #people #act in a #worldwide #emergency  An #independent #book #store trying hard to make-ends-meet in an untenable #situation has been #scared into thinking theyâ€™re going to be kicked out???? #Inhuman!!!!! https://t co/NXXBLXD3vh,Fear
@nonprophetess I have yet to venture into the bread baking world  Iâ€™m not a very accomplished baker and I know that bread is complex and unforgiving  #scared,Fear
@realDonaldTrump â€œIâ€™m #scared of @JoeBiden! Why couldnâ€™t you guys let #Putinâ€™s pick  #Bernie â€˜I just dropped out of the raceâ€™ Sanders win! Waaaaaaa!!!â€,Fear
Will reply to emails and messages soon  I'm  working with the editor on getting SCARED The Documentary through post at the moment  https://t co/7rz0PfW3P8  #scared #scaredthedocumentary #Documentary #horror #HorrorFamily #HorrorMovies #thisshitrighthere,Fear
When you are #uncertain about which course to takeâ€”or so #scared you literally can't take the next stepâ€”ask #spirit to #bless or block your endeavor  The answer usually follows  https://t co/z4liGDxrGz,Fear
Will reply to emails and messages soon  I'm  working with the editor on getting SCARED The Documentary through post at the moment  https://t co/FhIDiKLCjb  #scared #scaredthedocumentary #Documentary #horror #HorrorFamily #HorrorMovies #thisshitrighthere,Fear
How do you raise two kids at a time like this?!   I have a teenager who hasnâ€™t seen friends in a month and a brand new baby girl  I am actually scared for their futures  Hard to be strong when laid off and not sure whatâ€™s next  #Futures #kidsathome #scared #whatsnext #StayStrong,Fear
Not sure what's scarier-me taking my temp or weighing myself? #TemperatureofLove #TEMPERATURE #weight #weightloss #weightlossjourney #weight #weightlosstips #training #exercise #workout #workouts #workoutathome #workoutmotivation #WorkoutFromHome #scary #scared #coronavirus https://t co/SU0zfqzfP9,Fear
@tedcruz They are #Stealing our #Rights #COVIDãƒ¼19 is real  So caution is needed But #FakeNewsMedia has made it a #FeardemicğŸ˜³ They know most #Americans are #Sheeple &amp  can be #Scared into complianceğŸ¤¦â€â™‚ï¸  #WakeUpAmericağŸ˜³WE are being Lied toğŸ¤¬  #AmericaFirst TY @realDonaldTrump @POTUS ğŸ‡ºğŸ‡¸ğŸ˜,Fear
Terrifying discovery while looking at Tacoma parts!  See what happened @robmotive https://t co/pH9v6XoryC #tacoma #toyota #parts #trucks #terrifying #creepycrawlies #scared #shocked #critters #pestsâ€¦ https://t co/AlWdD3GunX,Fear
Sometimes you want to believe But scared to accept and has the fear to lose  #Love #LoveIsBlind #shine #fear #LostGirl #lost #happy #smile #accept #scared #life #LifeLessons #dare #enfp #ENFP #heart #kgontheway #lifestruggle #God #believeinyourself #believe,Fear
@realDonaldTrump  pls take legal strict action against #wuhan street markets where #bats and #pangolins are still being sold and eaten alive Since their #chinesegovernment is #corrupt and #scared   #nukewuhanmarket #nukewuhan #covid19wuhan #covid19usa #coronavirus,Fear
iâ€™m ordering groceries (for myself) to my house for the first time and iâ€™m #scared,Fear
I sowed some seeds today  because tomorrow is rainy  I think  growing my own food  means a lot  especially in this hard time  Plants just grow on their own  thoughğŸ˜Š Anyway  you'll feel safe and better if you sow seeds  I think  #scared of #COVID__19 #sowseeds #GrowYourOwnFood,Fear
Now #Streaming Green Hell Coop! #Scubasgaming #survivalgame #greenhell #scared #horror #survival #steam #games #TwitchAffilate #gamer #streamer #smallstreamer #scarygame #horrorgame #jungle https://t co/75xGg2DobT https://t co/GnaNl2jGfp,Fear
@FionaDolman could be a baby grass snake could be a slow worm  either way it's a snake and it wriggles  I'm off as fast as possible   #scared #StaySafe,Fear
COVID-19 will change our lives permanently so we need to deal with it  Stop being #scared   continue  your life  set goals and don't stop being hungry for success   #money #goal #work #want #hardwork #success #attitude #positive #life #motivation #inspiration #pray #plan https://t co/myTqkQ9YrY,Fear
Oh my    #longgonedolls #thingsthatgobumpinthenight #horrordoll #creepy #scared #dollskill #handpainted #art #darkartandcraft #eyes #decay #dead #weird #oddities https://t co/luHR23QmnD,Fear
@marcelslagman1 @kramtreboryevad That could have been me! #scared,Fear
1  When work is cooperatively #shared  why should staff get #scared? 2  Voluntary #offer to help will make all #prosper including the Institution #sir!,Fear
Wow    What an image   This may have hit me harder than the drone footage of the mass grave in NYC   It's been one crazy day  #scared @AOC @RepJimmyPanetta  I guess I'm happy that there are some people who haven't been completely destroyed by this event   #BrightSide https://t co/e2FdKKpPwq,Fear
Just found out that a Walmart inside the plaza I work might have 3 infected employees but arenâ€™t saying anything #worried #scared,Fear
I'm just #scared to talk to you first  https://t co/2na2uC1ksQ,Fear
Overwhelmed and #scared? Your Resiliency GPS canâ€™t cure the problems of the world but it can help you build strength &amp  resilience to get you through  @macdarling https://t co/HmDtZYNMSf https://t co/5pBkfspjeU,Fear
@cybersweetener #scared but lets go,Fear
@fmaddenNBA Bogut's fall was so horrible to watch  I actually had hope of us winning a playoff series that year  Was crushing to watch  Watchig Fred Van Vleet shoot last year in playoffs was pretty traumatic  #scared,Fear
Order pizza from a place Iâ€™ve never tried ğŸ˜¬ #scared,Fear
Bray again in the title picture? Donâ€™t know if I wanna see this :( #scared,Fear
Daughter in quarantine ğŸ˜” I want to hold her and tell her it will all be ok  but I'm a #nurses and I'm #scared for the first time in my profession  https://t co/3IIsf88dBZ,Fear
Where can I go to in #Fullerton #OrangeCounty for a immunity test for #COVID19 I know I got this virus back in December January from work #Hotel job #Disneyland #Tourists from #China @kpthrive @KPSCALnews I wanna know my baby &amp  I are #immune so we can stop being #scared,Fear
I have never asked for a hand out and I never will! I donâ€™t rely on this stimulus shit I do it on my own!! I keep grinding!!  #scared,Fear
@KentMGlobal holy crap what a freeze frame  #scared,Fear
I always had pretty beautiful dreams  until the one last night in which I was washing my hands for 20 seconds  @WHO #COVIDãƒ¼19 #COVID2019 #scared,Fear
My 3yo calls my bluffs  I say she can't do an activity or have a candy unless she finishes more of a meal  it's ok mama    I no like candy anyway  I no need go out eeevrrr  Guys  she doesn't blink when she says it  #scared,Fear
Ok I know were #scared about #COVIDãƒ¼19 but when we see a man #overdosed /dead on the side of the rd &amp  my hubby n I run out of our car to go give CPR/ save his life   do us a favor &amp  STOP screaming at us from ur car to not touch him! What is wrong with ppl? #FridayThoughts #COVID,Fear
#hydroxychroloquine works and #twitter is #scared  https://t co/0IfR9Pcalr,Fear
OPINION-Itâ€™s OK to feel #scared https://t co/Rfv8EA32eV #coronavirus #acranger https://t co/lKJkpVIjvv,Fear
Overwhelmed and #scared? Your Resiliency GPS canâ€™t cure the problems of the world but it can help you build strength &amp  resilience to get you through  @macdarling https://t co/XPiqWEm7Mo https://t co/SIrXNoXN3C,Fear
@bry0y00 @adeabegunde nothing boss #scared,Fear
The finale is here  the final Layer will be revealed  Will the LesBros figure it all out   or just remain confused? https://t co/4CGyXQ8aSu via @YouTube #LayersofFear #LesBros #Scared,Fear
@DavisMcNeill3 @ta_bland0107 I literally said the sma etching to my friendsğŸ¤¦ğŸ½â€â™€ï¸ #scared,Fear
i want to interact with u so bad an be ur friend but i am #scared bc i cant keep a convo but if u know itâ€™s abt u dm me bc i donâ€™t wanna start it thanks https://t co/UhvuwF1rtK,Fear
People are so #antikpop because they know if they let themselves give in it will take over their whole life and they'll be a new person and they're just #scared,Fear
Watched #MercyBlack on @NetflixUK     actually made me jump a good few times and gave me a few goosebumps! #scared I seriously need to #ManUp A pretty good supernatural horror,Fear
Overwhelmed and #scared? Your Resiliency GPS canâ€™t cure the problems of the world but it can help you build strength &amp  resilience to get you through  @macdarling https://t co/Eghsjt3FqV https://t co/hSvPxkxEXs,Fear
Adapt  not die    Also expand the roster for the catcher to get DHâ€™d for    Iâ€™ll catch in the show  BUT  I ainâ€™t hitting ON LIVE TV  #scared  https://t co/Kof8YGSURO,Fear
I saw The Devil with my own eyes    and I know who saw him too #scared https://t co/0MGAkl9Rka,Fear
My worst fear:That Turdeau is happy/planned this  That he was imported from China  like all cheap garbage  and is conspiring to bankrupt us all with this shutdown so that he can turn Canada into the Communist regime he loves so much in every dictatorship around the world  #scared,Fear
SCARIEST GMOD MAP! *LINK BELOW* https://t co/gg5TJylhMl #gmod #dev #scary #StateOfEmergency #OneDirection2020 #videogames #streamer #stream #gamer #GoodFriday #FridayThoughts #twitch #youtube #video #funny #scared #scare #GoodFriday2020 #SomeGoodNews #TogetherAtHome #FridayVibes,Fear
Here have a scared Heden and Rat #digitalarts #digitalsketch #art #artists #OC #originalcharacter #originalcharacters #kitsune #fox #scared #characterexpression https://t co/KDBXuDOcZM,Fear
@brianlilley My worst fear:That Turdeau is happy/planned this  That he was imported from China  like all cheap garbage  and is conspiring to bankrupt us all with this shutdown so that he can turn Canada into the Communist regime he loves so much in every dictatorship around the world  #Scared,Fear
@BorisJohnson why are people with blood clotting health issues protein S protein C thrombophilia on the at risk or vulnerable when its coming out that patients with Covid19 getting microthrombi and their blood is sticky #frightening #scared,Fear
People tell me that tings are gonna change for the better  and I wish it is true  But when I imagine what my cuter is  I see my self alone  no connections to my family  And my life is only my work  And when I think of it I'm scared   #scared #alone #future,Fear
4â€“8â€“20: In the #beginning  #she was really #scared because I have an #autoimmune #disease  #YouLookLikeTheRightType #IsolationConversation #MarkAddisonSmith #daily #overheard #conversation #illustration #Wednesdayâ€¦ https://t co/pTjYYodmwz,Fear
finna get this second nose piercing #scared,Fear
I know you're #scared  i am too  but remember:-   The #darkest places in #hell are reserved for those who maintain their #neutrality in the times of #moralcrisis   #dantealighieri #Dante https://t co/KKQx908FkX,Fear
Another random @OasisNomad with the sexual @HuntShowdown later  https://t co/3oSFgMrahR  #streaming #TwitchPrime #stream #horror #scared #StreamerNetwork,Fear
Itâ€™s OK to #feel your #feelings  It can be helpful to talk about them  It can also be helpful to write them down  Get them out of your #mind so they donâ€™t stay trapped in there  sad #stressed #confused #scared #angry https://t co/qGsjY0Q8Xt,Fear
I am of the opinion it is time the UK Police started publicising virus enforcement actions against certain minority sections of the population that seem to do what they like   The UK Police are losing a lot of friends   @metpoliceuk @patel4witham #PoliceStateUK #ukPOLICE #scared,Fear
this wind is bending the branches on the tree in front of my house and these mfs is thick #scared,Fear
Big boy is scared of needles ğŸ˜§ğŸ˜«ğŸ˜«  Watercolor mini-comic   #goldblum #trex #noir #vet #watercolor #watercolour #ocs #comic #minicomic #watercolours #watercolors #needle #scared #dino #dinosaur #modgur https://t co/roPmEJWmwt,Fear
@GovMurphy what happened to your Tweets prior to 3/19? #WeThePeople want a reminder of how contradictory you have been during the #COVID19 â€œcrisisâ€  Where are they  Phil? @jamelholley @senatortesta things that make you go hmmm ğŸ¤”@TwitterSupport look into this #byePhil #scared,Fear
Just received this today   Art by @shaunkama  quarantine coloring book for the spooky  Order on Amazon   #halloween #oct #october #31 #scary #spooky #boo #scared #costume #pumpkin #ghost #pumpkins #candy #carvingâ€¦ https://t co/vqcOAZcV8I,Fear
Today is the day    I let viewers decide what to stream next if they gift the game  Now it's #FNAF    in #VR  I couldn't even play normal FNAF because I was too #scared  but well    Starting in a few moments on https://t co/5RgZLAludq  please send help    #VirtualReality #Stream,Fear
@DeoRyan @JSadler98 no clippers in gaff #scared,Fear
Come to me! #quarantinepurchase #seeyouwhenifigurethisout #excited #scared  @empress_effects #zoia https://t co/sjNV3c2ISc,Fear
I have always #believed that one should not be #scared of losing I think that #really is the #key â¤ï¸ https://t co/19vqDx8fN7,Fear
So y'all know how I am with #animals  It hurts my #heart to see such a young #raccoon alone  Yes  he came back and I can tell he is #scared  #young  and #hungry  Many will say don't #feed him  Yet with him barelyâ€¦ https://t co/rqg8SmoMgK,Fear
Is it me or are Bees ğŸ   Bigger  Bustier  And Buzzier then ever   #scared,Fear
@anuragdusaj123 #Quarantine is a #scary word  #people in #India are #scared of #being #socially #ostracized than #SociallyDistant  #journalists report from #Delhi and #Mumbai  #Indian #journalists dont know #Bharat where #India lives   @IndianExpress @ThePrintIndia @thetribunechd @TOIIndiaNews,Fear
@goldencerys wait no donâ€™t be #scared ğŸ˜³âœŠğŸ»,Fear
@adoredesny i donâ€™t know but im always #scared to interact with u idk why like ik ur such a nice person but i always talk myself out of it ğŸ¥ºğŸ‘‰ğŸ»ğŸ‘ˆğŸ»,Fear
My astrology advice for today fits in way too much to my current situation im  #scared https://t co/6mprQSpxSG,Fear
no ones around when the big boiz in town @Cooper2k_ #wedemboys #scared https://t co/RyD0BpwstR,Fear
Another traumatic experience ğŸ˜°ğŸ˜°ğŸ˜° #trauma #scared #freaked #experience #QuarantineDiaries #QuarantineLife,Fear
Love this!    One of our regular entrants has been having some fun with @adobecreativecloud #photoshop    Seems Rob is a little jumpy around rats!!!    ğŸ˜‚ğŸ˜‚   #justforfun #someonesbored #channelevents #nationaltrust #breandown #scared #funny #fun #stormthefort #darkskiesseries https://t co/Qdp5OLA6dh,Fear
Thank you  essential workers  You are brave and help the world go â€˜round  #IWorkInAdvertising #JoesProduce #lockdown2020 #scared #StayTheFHome #EssentialWorkers https://t co/4Xh1KUkw7i,Fear
Not kidding this quarantine is giving me some crazy insane nightmares that don't even have anything to do with the virus &amp  everything to do with the worst scary horror movies you could dream up &amp  idk why or how to stop it! #LOSINGIT #QuaratineLife #nightmare #scared #help,Fear
@JasonManford @absoluteradio Husband worked in house clearing company-found small coffin in the attic! Had to make sure it was empty which frightened him to death #frightnight #whatajob #scared,Fear
Eguls may back up #scared #savemyphone,Fear
@davepperlmutter You too mate  MS back from the editor and all changes accepted   Time to get the MacBook and Vellum out    #scared #WritingCommunity #impostorsyndrome,Fear
Caring for very #scared mum nearly 93  takes up much of day  but have the joy of my #excercise having this view  and maybe 20 mins of #drawing on return https://t co/GAWQnDktjU,Fear
Getting ready for my very first live stream on Sunday! ğŸ˜¬ #excited #scared #livestreaming #gamingcommunity #playstation #gamer #finalfantasy https://t co/LAdHFwj3ZO,Fear
Speaking to an #elderlylady on the #phone  She has lost her #appetite through #stress  She is #scared to even sit in her garden â˜¹ #People will #die from #loneliness  This #coronavirus crisis needs investigating and people held to account ğŸ˜ ,Fear
@MarieAnnUK Yeah  Like me  Driving to school to look after the kids of #keyworkers #scared #EasterWeekend,Fear
I am moving   Out of state   By myself   #scared  Hope I donâ€™t die,Fear
SCARIEST GMOD MAP EVER! *LINK BELOW* https://t co/gg5TJylhMl #youtube #gamer #dev #gmod #scary #scared #FF7R #StayAtHome #EasterWeekend #TBT #GoodFriday #youtube #finalfantasy7remake #gaming #videogames #xbox #PS5 #ps4 #switch #subscribe #like #snapchat #shoutout #subforsub,Fear
Go check out my singing #spoon #scared #singer #check https://t co/G0GZf1Bz9t,Fear
nellys my mirror and her current soulmate contract ends at 29 and now im #scared and a SHADOW jus moved in front of my eyes as i typed ends at 29 im SCARED,Fear
doing something MAJOR tomorrow stay tuned #scared #excited ğŸ‘€,Fear
I'm  In love I think? In my last 5 years of crazy love ventures I've never felt so enamored with a person  And the trust  comfortability  are people actually this kind to others? Fuck I'm scared af fuck fuck duck luck suck #confused #QuestionOfTheDay #scared,Fear
 #Life doesn't always have to make sense  tho I do personally believe that it all makes sense in the grand scheme of things  whether I can see it or not  Yet know that #itsokay to feel lost  #scared  #confused or angry along the way &amp  within the dark fog : https://t co/V3zqxdVjQr https://t co/KhdbSgGmUz,Fear
ordered hair dye online yesterday   tried to get one close to this but weâ€™ll see how it goes iâ€™m #scared asf kinda https://t co/Cxl9wXC0hS,Fear
Infinity Q50 scares Off Nissan Altima then races A Chrysler https://t co/gOQV3y5zKz via @YouTubeğŸ”¥ğŸ¥´ #scared,Fear
@kcbearcat06 @chiefbearhawk83 @rock_digs Damn Carmel shoving me off the track #scared,Fear
I told people once this is over everything's going to be back to normal these #streets have no mercy for people if anyone ever wants to walk the streets I'm here as a #personal guide they are crazy at night can be #scared,Fear
THE WORST JUMPSCARE EVER! - (Outlast 2 Gameplay Walkthrough Part 5) https://t co/F31uFogkTi via @YouTube #Outlast2 #Outlast #Scary #ScaryGames #Imscared #Dontwanttodothis #crazy #wild #walkthrough #gameplay #game #games #videogames #insane #scared,Fear
I've officially gone through every drawer  file cabinet  and bin in both my garage AND my study  I've thrown away many things that are old  obsolete  spoiled  or not needed  I've organized to an extreme level of OCD  Things are clean    I don't know what to do now  #scared,Fear
While many might say otherwise  I just want to acknowledge all the #nursingstudents who are #scared because of this #pandemic and questioning if nursing is right for them because of their fear  It is ,Fear
Give me a chance at happiness please  My family decided they didnâ€™t want me  I am afraid ğŸ˜Ÿ  #pup #puppy #Texas #Animals #DogsofTwittter  #dogsofinstagram #family #scared https://t co/zD4FptvSVA https://t co/OuAthYTf2e,Fear
ğŸ˜­ omg this made me cry hard #cry #sad #myheart #scared #video #meme https://t co/mwOYZRjs94,Fear
The one where LesBros gets lost https://t co/lyT1PVUGxC via @YouTube #LayersofFear #LesBros #Scared,Fear
@teachingparks thank you for following  I assume I am going to be put forward for QTS as Iâ€™ve been told to apply for jobs #scared,Fear
@denishiacambria  U still have ur locs? Im tryna see if i wanna get mine ğŸ˜‚ğŸ˜” #scared,Fear
PLEASE SHARE: Did you know you can dial '55' during a 999 call when it's too dangerous to talk? #SilentSolution #Scared #Isolation #Makeyourselfheard @BarrowCouncil https://t co/hMW4LT1gFi,Fear
@sonya_so_saltyy Yes you are #scared,Fear
My friend got a great stalker pic of me that one time I decided to improv with people Iâ€™ve never sang with  ğŸ˜¬ #scared #ThrowbackThursday #riptide https://t co/zDgTPlV8rT,Fear
My face cause I'm playing more scary games     LIVE NOW  https://t co/1yKXCQHdW5   #ResidentEvil2 #scared #yellow https://t co/f1Z1RDNw2q,Fear
NEITHER NEWS  NOR SURPRISING NOR (necessarily)WRONG  Ever thus(Boccaccio DECAMERON anyone?) More to focus on then a politics of envy narrative  Folks are #scared(naturally)for them &amp  for *theirs* -you use whatever advantage you can-surely? Grow up  with the #prurience is tedious https://t co/rYWqKntaxZ,Fear
well I am back  I did a huge edit and started Querying  Wish me luck #writingcommunity I am #scared,Fear
Twitter is blocking me from retweeting #scared LOL,Fear
Premiering Now! https://t co/A8k7F0sWhY #gaming #horror #HorrorGames #horrorgame #gamers #gamer #games #scared,Fear
People say I'm downplaying the virus  no I'm not  This is just my normal winter every year! Welcome to my fear every SINGLE WINTER! do you like it?   #COVIDãƒ¼19 #coronavirus #FearMongering #fear #scared #sickness #OCD #ocdsick,Fear
Thank you for this @andylassner  I just got furloughed from work today so Iâ€™m scared and feeling super anxious  How are we supposed to pay bills? #furloughed #COVIDãƒ¼19 #scared #anxiety https://t co/MmaizGdRxS,Fear
This is how you are feeling? Maybe you are feeling #stressed   #Overwhelmed   #Anxious   #Uncertain   #Depressed   #Scared   This is #okay  #professional staff at Health and Psychiatry is here  Contact us to learn more our #telehealth options to talk to a licensed professional  https://t co/Bwk9oBYdoV,Fear
Fright Night! Live Now on Twitch with a bit of a scarefeast on Outlast 2 come along for a laugh! Or Cry ğŸ˜‚ğŸ”ªğŸ”ª @longthorne90 #twitch #twitchstreamer  #twitchtv  #TwitchPrime #outlast #scared,Fear
update again pls bc i am #Scared https://t co/9OeVBIdxGE,Fear
@zayt I actually am more trash on console than I am PC  Your statement is extremely opinionated and I wish you would take me up on my challenge just so you could eat your own words but you probably wont  #scared,Fear
Genuinely had a dream Madison Beer stole my boyfriend and I KNOW that woman could with the blink of an eye   #scared,Fear
@EyesOnQ Definitely not a coincidence   #Scared,Fear
@NicolleDWallace There are 3 steps to my reaction in this situation: 1) I scream and start crying  2) I scream for other people to â€œtake care of itâ€  &amp  3) run outside as far away as possible (even though nature has more spiders  the immediate need has been managed) #scared,Fear
Just got the #COVID19 swab done at the AAC testing facility in #dallastx - was #114 out of 250 at 1:10pm  Will get results in 3-5 days  Iâ€™m especially terrified because Iâ€™m diabetic  letâ€™s hope this is just nothing  #StayHome #scared,Fear
@MichelleHinchey  stop your petty  frivolous lawsuit against @GreenbergForNY   Why are you so #scared to face me in a primary and let the Democratic voters decide who they want to represent them   Michelle putting government employees at #Risk ! #SafetyFirst https://t co/6BS4NROBO7,Fear
Literally me hopping into my bff's arms after this quarantine is over and we are allowed back into the world  #friends #lifeafterquarantine #scared  Could I be more scared? ğŸ˜¶ https://t co/pG4v079wTN,Fear
@GRMM31821086 She doesn't do that    Or deny sex     She has other means of payback     #Scared,Fear
The world suffers the effects of a global pandemic   isnâ€™t @BernieSanders the right man to lead the most powerful country in the world? Commercialism is #scared of change  fight for equality #cheers #Bernie,Fear
This is â€¼ï¸â€¼ï¸importantâ€¼ï¸â€¼ï¸please share  #SilentSolution how to let the Police know you need help #Scared Even more important now #Isolation  @CumbriaVictimCT @Cumbriapolice @SouthLakesPol @petermccallpcc @CumbriaChief @KendalICC @BarrowIcc @ulvdaltICC @CarnforthICC @CarlisleICC https://t co/vOKkPwPIzW,Fear
@theAmyMCR Iâ€™m a sweaty ğŸ¥µ nervous ğŸ˜¬ mama bear ğŸ» #scared ğŸ¤£ğŸ˜‚ğŸ¤£,Fear
Iâ€™m getting ready for try outs and I can barely breath! #scared,Fear
@varinder_bansal Whose applaud matters most ??? let me spell out for you   #INDIANS   who are #hungry #hopeless #desperate and #broke   who are walking 100â€™s or KMS because they are #scared   Not anyone else !!! applaud of 23% unemployed NOW go and do what you do best   #chatna !!!,Fear
This weekâ€™s theme is â€œCommitmentâ€    #drewdailymotivation #commitment #fear #scared #allin #withsomeone #endup #nothing #again #trust #commit https://t co/Fy4839CigO,Fear
Hello Morphs!!  For my stream tomorrow I think Iâ€™m gonna go a bit old school with some Black Ops 3 Zombies!!  Meat Sacks will be slaughtered!!!  #blackops3 #zombies #meatsacks #juggernog #speedcola #scared #mysterybox #GetThePowerOn #DempseyIsKing #SmallStreamersConnect #twitch,Fear
@realDonaldTrump The only fraud is you ! #fakepresident #fraud #scared #theif,Fear
#Barr #Justice   Some are #scared shitless  You will be #surprised  https://t co/FbUWQaVtPl,Fear
Figure is going up but our people is not going to understand the fatality of this novel virus have seen too much traffic on the roads even not a single shop were open #scared,Fear
Just because @BernieSanders #SCARED PEOPLE they are too STUPID to vote for him and make the WORLD a much cleaner and safer place  No all you GUTLESS fucks can't  bring  yourselves to #vote for someone with  radical  ideas  HELLO WHAT THE FUCK IS TRUMP DOING? RADICAL &amp  IRRATIONAL,Fear
#coronavirus #COVIDãƒ¼19 #covidãƒ¼19uk #Corona19 #scared #WhateverItTakes  Word choice is important  Interesting conversation featuring someone who is not BFF with the powers that be  https://t co/R659Aqbd0v,Fear
Feel your feels - Acknowledge the feelings!  #echcounseling #crystallakeil #mentalillness #mentalhealth #anxiety #depression #worry #fear #scared #angry #unknown #stress #adhd #coronavirus #covid_19 #covid #covid19â€¦ https://t co/2lSRP5BmVK,Fear
Take FULL control over your thoughts  feelings and emotions! https://t co/ND3gPxo6Na #Scared #Confused #Alone,Fear
@narendramodi @MoHFW_INDIA #Corona is #scared of #CoronaWarriors #staycalm #dontpanic #meditation share positivity  #beatcorona,Fear
We are scared of what lies outside but we are more scared of what lies inside  Only when we cross every fear  will we achieve our true self &amp  a life full of peace  happiness &amp  joy! Turn inwards now to create a better tomorrow! #life #Spirituality #inside #scared #awareness https://t co/NrsKXouB8g,Fear
@sevapop_ we donâ€™t have pictures but we have a little info ğŸ˜Ÿ #SCARED,Fear
@LANNYBERRY My Dude  be careful  Be safe down there! I just banged out for 48 hrs   #scared  #COVID19 is fo real!,Fear
In an hours time @blunderboy87 is going to be attempting his S run inferno difficulty level in Resident Evil 3 to get his platinum!  (Using infinite weapons because he's terrified) catch him at one at 1pm on  https://t co/nnlzd6Vv93 #residentevil3 #onferno #twitch #scared,Fear
This is what's really upsetting me tooooo ğŸ˜¢ğŸ˜¢ğŸ˜¢ğŸ˜¢ #scared https://t co/mvOcvXtX75,Fear
Who isn't scared to die in the Wilderness? My blog about Passover   #covid19 #fear #passover #exodus #Bible #plagues #Pharaoh #Moses #scared #anger https://t co/JFcxqpD1Nd,Fear
I fr got so scared ğŸ’€ ğŸ˜­ ğŸ˜‚ #scared #cod #CODWarzone #warzone #jumpscare https://t co/9lUQXYZQB4,Fear
Well weâ€™ve emailed him four times since #CoronaCrisisuk  started and weâ€™ve not received one single reply #jamesgrundmpleigh #jamesgrundymp #leigh doesnâ€™t care about his constituents  We canâ€™t contact him on social media  Only phone number is a London oneâ€¦â€¦ #hiding #scared https://t co/Qm5qW8dS5u,Fear
I just heard #Lockdown might be effective until August ğŸ˜­ğŸ˜­ğŸ˜­  I LITERALLY can not afford that but Iâ€™m so scared going out in public because my mom is very high risk   God please let this pass soon  Too many people are dying!!!!  #COVID19  #OverIt #Scared https://t co/hpqmisjbHP,Fear
#WestVirginia had an insane hail storm this morning (Wednesday) and was under a tornado watch the entire day just for insane winds and a ton of lightning to shred through our area and absolutely demolish a car dealershipâ€™s building  #scared #hateithere #WV,Fear
hereâ€™s a fun fact:  when I kissed a girl by Katy Perry came out I refused to listen to it because by 4th grade I was kissing girls and I liked it #scared,Fear
Priceless expression! #dog #doglovers #dogsofinstagram #doglife #dogs #dogstagram #dogoftheday #doglover #dogsofinsta #doggo #panic #scared #stuffedanimals #wash #priceless #expression #lol #smile #toofunny #whoa #funny #humor #humour #laugh #laughing #laughter #smiling https://t co/CEen6ufZlD,Fear
2 more weeks #scared #excited ğŸ¤ğŸ’›,Fear
Went out to night city but I think I made a wrong turn  No one seems to be around and thereâ€™s a lot of fog    ğŸ˜±#vrchat #vr #cyberpunk #scared #VRGamers https://t co/Csb6bnVho0,Fear
SCARIEST GMOD VIDEO EVER! *LINK BELOW* https://t co/gg5TJylhMl #VALORANT #Survivor40 #COVID19 #yahooyahoo #gamer #games #streaming #dev #videogames #gamedevelopment #gmod #scary #scared #scare #video #youtube #channel #subscribe #development #fusio #gamestop #Sub4Sub #sub #like,Fear
